node,parameter,source_default,yaml_value,launch_override,runtime_value,source_line,status
motion_arbiter,mavlink,udpin:0.0.0.0:14540,udpin:0.0.0.0:14540,None,udpin:0.0.0.0:14540,ros2_ws/src/vision_tracking/vision_tracking/motion_arbiter_node.py:61,MATCH_1_TO_1
motion_arbiter,auto_takeoff,True,True,None,True,ros2_ws/src/vision_tracking/vision_tracking/motion_arbiter_node.py:62,MATCH_1_TO_1
motion_arbiter,takeoff_alt,3.8,3.8,takeoff_alt (launch arg),3.8,ros2_ws/src/vision_tracking/vision_tracking/motion_arbiter_node.py:63,MATCH_1_TO_1
motion_arbiter,kp,0.007,0.007,None,0.007,ros2_ws/src/vision_tracking/vision_tracking/motion_arbiter_node.py:64,MATCH_1_TO_1
motion_arbiter,max_rate,1.5,1.5,None,1.5,ros2_ws/src/vision_tracking/vision_tracking/motion_arbiter_node.py:68,MATCH_1_TO_1
motion_arbiter,search_rate,1.1,1.1,None,1.1,ros2_ws/src/vision_tracking/vision_tracking/motion_arbiter_node.py:69,MATCH_1_TO_1
motion_arbiter,lost_timeout,5.0,5.0,None,5.0,ros2_ws/src/vision_tracking/vision_tracking/motion_arbiter_node.py:70,MATCH_1_TO_1
motion_arbiter,vision_fresh_timeout,0.4,0.4,None,0.4,ros2_ws/src/vision_tracking/vision_tracking/motion_arbiter_node.py:74,MATCH_1_TO_1
motion_arbiter,enable_forward,True,True,None,True,ros2_ws/src/vision_tracking/vision_tracking/motion_arbiter_node.py:75,MATCH_1_TO_1
motion_arbiter,default_walk_speed,1.15,1.15,None,1.15,ros2_ws/src/vision_tracking/vision_tracking/motion_arbiter_node.py:76,MATCH_1_TO_1
motion_arbiter,default_backup_speed,1.1,1.1,None,1.1,ros2_ws/src/vision_tracking/vision_tracking/motion_arbiter_node.py:77,MATCH_1_TO_1
motion_arbiter,kp_y_boost,0.005,0.005,None,0.005,ros2_ws/src/vision_tracking/vision_tracking/motion_arbiter_node.py:78,MATCH_1_TO_1
motion_arbiter,kp_lateral,0.0035,0.0035,None,0.0035,ros2_ws/src/vision_tracking/vision_tracking/motion_arbiter_node.py:79,MATCH_1_TO_1
motion_arbiter,deadband_x,25.0,25.0,None,25.0,ros2_ws/src/vision_tracking/vision_tracking/motion_arbiter_node.py:80,MATCH_1_TO_1
motion_arbiter,deadband_y,30.0,30.0,None,30.0,ros2_ws/src/vision_tracking/vision_tracking/motion_arbiter_node.py:81,MATCH_1_TO_1
motion_arbiter,max_forward_speed,1.8,1.8,None,1.8,ros2_ws/src/vision_tracking/vision_tracking/motion_arbiter_node.py:82,MATCH_1_TO_1
motion_arbiter,min_forward_speed,-1.5,-1.5,None,-1.5,ros2_ws/src/vision_tracking/vision_tracking/motion_arbiter_node.py:83,MATCH_1_TO_1
motion_arbiter,tree_clearance_margin,1.8,1.8,None,1.8,ros2_ws/src/vision_tracking/vision_tracking/motion_arbiter_node.py:84,MATCH_1_TO_1
motion_arbiter,teleop_timeout,0.5,0.5,None,0.5,ros2_ws/src/vision_tracking/vision_tracking/motion_arbiter_node.py:85,MATCH_1_TO_1
motion_arbiter,goto_altitude,3.8,3.8,None,3.8,ros2_ws/src/vision_tracking/vision_tracking/motion_arbiter_node.py:86,MATCH_1_TO_1
motion_arbiter,bottom_backup_timeout,1.4,1.4,None,1.4,ros2_ws/src/vision_tracking/vision_tracking/motion_arbiter_node.py:90,MATCH_1_TO_1
motion_arbiter,bottom_recovery_timeout,2.5,2.5,None,2.5,ros2_ws/src/vision_tracking/vision_tracking/motion_arbiter_node.py:91,MATCH_1_TO_1
motion_arbiter,turn_point_timeout,3.2,3.2,None,3.2,ros2_ws/src/vision_tracking/vision_tracking/motion_arbiter_node.py:95,MATCH_1_TO_1
motion_arbiter,turn_point_speed,1.15,1.15,None,1.15,ros2_ws/src/vision_tracking/vision_tracking/motion_arbiter_node.py:96,MATCH_1_TO_1
motion_arbiter,target_area_min,6000.0,6000.0,None,6000.0,ros2_ws/src/vision_tracking/vision_tracking/motion_arbiter_node.py:97,MATCH_1_TO_1
motion_arbiter,target_area_max,13000.0,13000.0,None,13000.0,ros2_ws/src/vision_tracking/vision_tracking/motion_arbiter_node.py:98,MATCH_1_TO_1
motion_arbiter,kp_area,0.00015,0.00015,None,0.00015,ros2_ws/src/vision_tracking/vision_tracking/motion_arbiter_node.py:99,MATCH_1_TO_1
motion_arbiter,control_period_s,0.1,0.1,None,0.1,ros2_ws/src/vision_tracking/vision_tracking/motion_arbiter_node.py:100,MATCH_1_TO_1
motion_arbiter,control_warn_period_s,0.2,0.2,None,0.2,ros2_ws/src/vision_tracking/vision_tracking/motion_arbiter_node.py:101,MATCH_1_TO_1
motion_arbiter,control_fail_period_s,0.5,0.5,None,0.5,ros2_ws/src/vision_tracking/vision_tracking/motion_arbiter_node.py:102,MATCH_1_TO_1
motion_arbiter,health_publish_period_s,0.5,0.5,None,0.5,ros2_ws/src/vision_tracking/vision_tracking/motion_arbiter_node.py:103,MATCH_1_TO_1
motion_arbiter,mavlink_stale_timeout_s,2.0,2.0,None,2.0,ros2_ws/src/vision_tracking/vision_tracking/motion_arbiter_node.py:104,MATCH_1_TO_1
motion_arbiter,kp_z,1.2,1.2,None,1.2,ros2_ws/src/vision_tracking/vision_tracking/motion_arbiter_node.py:105,MATCH_1_TO_1
motion_arbiter,max_z_speed,0.8,0.8,None,0.8,ros2_ws/src/vision_tracking/vision_tracking/motion_arbiter_node.py:106,MATCH_1_TO_1
motion_arbiter,auto_track,False,False,None,False,ros2_ws/src/vision_tracking/vision_tracking/motion_arbiter_node.py:107,MATCH_1_TO_1
motion_arbiter,wait_for_vision_before_takeoff,True,True,None,True,ros2_ws/src/vision_tracking/vision_tracking/motion_arbiter_node.py:108,MATCH_1_TO_1
motion_arbiter,diagnostic_log,_find_default_diag_log(),logs/tracking_diagnostics.jsonl,None,logs/tracking_diagnostics.jsonl,ros2_ws/src/vision_tracking/vision_tracking/motion_arbiter_node.py:121,MATCH_1_TO_1
yolo_detector_node,image_topic,/camera/image_raw,/camera/image_raw,use_realism -> /simulation/camera/image,/camera/image_raw,ros2_ws/src/vision_tracking/vision_tracking/yolo_detector_node.py:34,MATCH_1_TO_1
yolo_detector_node,error_topic,/tracking/error,/tracking/error,None,/tracking/error,ros2_ws/src/vision_tracking/vision_tracking/yolo_detector_node.py:35,MATCH_1_TO_1
yolo_detector_node,debug_image_topic,/tracking/debug_image,/tracking/debug_image,None,/tracking/debug_image,ros2_ws/src/vision_tracking/vision_tracking/yolo_detector_node.py:36,MATCH_1_TO_1
yolo_detector_node,model_path,yolov8n.pt,yolov8n.pt,None,yolov8n.pt,ros2_ws/src/vision_tracking/vision_tracking/yolo_detector_node.py:37,MATCH_1_TO_1
yolo_detector_node,tracker,bytetrack.yaml,bytetrack.yaml,None,bytetrack.yaml,ros2_ws/src/vision_tracking/vision_tracking/yolo_detector_node.py:38,MATCH_1_TO_1
yolo_detector_node,device,cpu,cpu,yolo_device (launch arg),cpu,ros2_ws/src/vision_tracking/vision_tracking/yolo_detector_node.py:39,MATCH_1_TO_1
yolo_detector_node,img_width,416,416,None,416,ros2_ws/src/vision_tracking/vision_tracking/yolo_detector_node.py:40,MATCH_1_TO_1
yolo_detector_node,img_height,416,416,None,416,ros2_ws/src/vision_tracking/vision_tracking/yolo_detector_node.py:41,MATCH_1_TO_1
yolo_detector_node,infer_native,True,True,None,True,ros2_ws/src/vision_tracking/vision_tracking/yolo_detector_node.py:42,MATCH_1_TO_1
yolo_detector_node,infer_imgsz,0,0,None,0,ros2_ws/src/vision_tracking/vision_tracking/yolo_detector_node.py:43,MATCH_1_TO_1
yolo_detector_node,conf,0.45,0.45,None,0.45,ros2_ws/src/vision_tracking/vision_tracking/yolo_detector_node.py:44,MATCH_1_TO_1
yolo_detector_node,iou,0.45,0.45,None,0.45,ros2_ws/src/vision_tracking/vision_tracking/yolo_detector_node.py:45,MATCH_1_TO_1
yolo_detector_node,classes,[0],[0],None,[0],ros2_ws/src/vision_tracking/vision_tracking/yolo_detector_node.py:46,MATCH_1_TO_1
yolo_detector_node,min_box_area_ratio,0.0003,0.0003,None,0.0003,ros2_ws/src/vision_tracking/vision_tracking/yolo_detector_node.py:47,MATCH_1_TO_1
yolo_detector_node,max_box_area_ratio,0.85,0.85,None,0.85,ros2_ws/src/vision_tracking/vision_tracking/yolo_detector_node.py:51,MATCH_1_TO_1
yolo_detector_node,min_aspect_ratio,0.7,0.7,None,0.7,ros2_ws/src/vision_tracking/vision_tracking/yolo_detector_node.py:57,MATCH_1_TO_1
yolo_detector_node,max_aspect_ratio,4.8,4.8,None,4.8,ros2_ws/src/vision_tracking/vision_tracking/yolo_detector_node.py:58,MATCH_1_TO_1
yolo_detector_node,bottom_margin_ratio,0.0,0.0,None,0.0,ros2_ws/src/vision_tracking/vision_tracking/yolo_detector_node.py:59,MATCH_1_TO_1
yolo_detector_node,show_debug_image,True,True,None,True,ros2_ws/src/vision_tracking/vision_tracking/yolo_detector_node.py:60,MATCH_1_TO_1
yolo_detector_node,target_timeout,4.0,4.0,None,4.0,ros2_ws/src/vision_tracking/vision_tracking/yolo_detector_node.py:61,MATCH_1_TO_1
yolo_detector_node,lock_reacquire_s,5.0,5.0,None,5.0,ros2_ws/src/vision_tracking/vision_tracking/yolo_detector_node.py:66,MATCH_1_TO_1
yolo_detector_node,reacquire_min_iou,0.15,0.15,None,0.15,ros2_ws/src/vision_tracking/vision_tracking/yolo_detector_node.py:67,MATCH_1_TO_1
yolo_detector_node,log_period,1.5,1.5,None,1.5,ros2_ws/src/vision_tracking/vision_tracking/yolo_detector_node.py:68,MATCH_1_TO_1
yolo_detector_node,max_frame_rate,0.0,0.0,None,0.0,ros2_ws/src/vision_tracking/vision_tracking/yolo_detector_node.py:69,MATCH_1_TO_1
live_camera_hud,topic,/tracking/debug_image,/tracking/debug_image,None,/tracking/debug_image,ros2_ws/src/vision_tracking/vision_tracking/live_camera_hud_node.py:31,MATCH_1_TO_1
live_camera_hud,teleop_speed,2.0,2.0,None,2.0,ros2_ws/src/vision_tracking/vision_tracking/live_camera_hud_node.py:32,MATCH_1_TO_1
live_camera_hud,teleop_z_speed,1.0,1.0,None,1.0,ros2_ws/src/vision_tracking/vision_tracking/live_camera_hud_node.py:33,MATCH_1_TO_1
live_camera_hud,teleop_yaw_speed,1.1,1.1,None,1.1,ros2_ws/src/vision_tracking/vision_tracking/live_camera_hud_node.py:34,MATCH_1_TO_1
live_camera_hud,map_radius_m,25.0,25.0,None,25.0,ros2_ws/src/vision_tracking/vision_tracking/live_camera_hud_node.py:35,MATCH_1_TO_1
simulation_realism,camera_input,/camera/image_raw,/camera/image_raw,None,/camera/image_raw,ros2_ws/src/vision_tracking/vision_tracking/sim_realism_node.py:26,MATCH_1_TO_1
simulation_realism,camera_output,/simulation/camera/image,/simulation/camera/image,None,/simulation/camera/image,ros2_ws/src/vision_tracking/vision_tracking/sim_realism_node.py:27,MATCH_1_TO_1
simulation_realism,camera_delay_ms,0.0,0.0,None,0.0,ros2_ws/src/vision_tracking/vision_tracking/sim_realism_node.py:28,MATCH_1_TO_1
simulation_realism,camera_drop_probability,0.0,0.0,None,0.0,ros2_ws/src/vision_tracking/vision_tracking/sim_realism_node.py:29,MATCH_1_TO_1
simulation_realism,camera_motion_blur_pixels,0,0,None,0,ros2_ws/src/vision_tracking/vision_tracking/sim_realism_node.py:30,MATCH_1_TO_1
simulation_realism,camera_queue_depth,8,8,None,8,ros2_ws/src/vision_tracking/vision_tracking/sim_realism_node.py:31,MATCH_1_TO_1
simulation_realism,imu_input,,,None,,ros2_ws/src/vision_tracking/vision_tracking/sim_realism_node.py:32,MATCH_1_TO_1
simulation_realism,imu_output,/simulation/imu,/simulation/imu,None,/simulation/imu,ros2_ws/src/vision_tracking/vision_tracking/sim_realism_node.py:33,MATCH_1_TO_1
simulation_realism,imu_noise_stddev,0.0,0.0,None,0.0,ros2_ws/src/vision_tracking/vision_tracking/sim_realism_node.py:34,MATCH_1_TO_1
simulation_realism,imu_bias,"[0.0, 0.0, 0.0]","[0.0, 0.0, 0.0]",None,"[0.0, 0.0, 0.0]",ros2_ws/src/vision_tracking/vision_tracking/sim_realism_node.py:35,MATCH_1_TO_1
simulation_realism,imu_drift_per_s,"[0.0, 0.0, 0.0]","[0.0, 0.0, 0.0]",None,"[0.0, 0.0, 0.0]",ros2_ws/src/vision_tracking/vision_tracking/sim_realism_node.py:36,MATCH_1_TO_1
simulation_realism,gps_input,,,None,,ros2_ws/src/vision_tracking/vision_tracking/sim_realism_node.py:37,MATCH_1_TO_1
simulation_realism,gps_output,/simulation/gps,/simulation/gps,None,/simulation/gps,ros2_ws/src/vision_tracking/vision_tracking/sim_realism_node.py:38,MATCH_1_TO_1
simulation_realism,gps_noise_m,0.0,0.0,None,0.0,ros2_ws/src/vision_tracking/vision_tracking/sim_realism_node.py:39,MATCH_1_TO_1
simulation_realism,gps_dropout_probability,0.0,0.0,None,0.0,ros2_ws/src/vision_tracking/vision_tracking/sim_realism_node.py:40,MATCH_1_TO_1
simulation_realism,baro_input,,,None,,ros2_ws/src/vision_tracking/vision_tracking/sim_realism_node.py:41,MATCH_1_TO_1
simulation_realism,baro_output,/simulation/baro,/simulation/baro,None,/simulation/baro,ros2_ws/src/vision_tracking/vision_tracking/sim_realism_node.py:42,MATCH_1_TO_1
simulation_realism,baro_noise_pa,0.0,0.0,None,0.0,ros2_ws/src/vision_tracking/vision_tracking/sim_realism_node.py:43,MATCH_1_TO_1
simulation_realism,sensor_dropout_probability,0.0,0.0,None,0.0,ros2_ws/src/vision_tracking/vision_tracking/sim_realism_node.py:44,MATCH_1_TO_1
simulation_realism,seed,7,7,None,7,ros2_ws/src/vision_tracking/vision_tracking/sim_realism_node.py:45,MATCH_1_TO_1
